{
  "RELIANCE.NS": {
    "symbol": "RELIANCE.NS",
    "name": "RELIANCE",
    "previous_close": 1391.7,
    "change": -11.2,
    "change_percent": -0.8,
    "volume": 11853389,
    "currency": "INR",
    "last_updated": "2025-07-25",
    "high": 1401.0,
    "low": 1384.1,
    "open": 1398.9
  },
  "TCS.NS": {
    "symbol": "TCS.NS",
    "name": "TCS",
    "previous_close": 3135.8,
    "change": -12.2,
    "change_percent": -0.39,
    "volume": 2567747,
    "currency": "INR",
    "last_updated": "2025-07-25",
    "high": 3156.9,
    "low": 3125.6,
    "open": 3140.0
  },
  "HDFCBANK.NS": {
    "symbol": "HDFCBANK.NS",
    "name": "HDFCBANK",
    "previous_close": 2004.6,
    "change": -9.6,
    "change_percent": -0.48,
    "volume": 4652455,
    "currency": "INR",
    "last_updated": "2025-07-25",
    "high": 2015.0,
    "low": 1999.0,
    "open": 2015.0
  },
  "BHARTIARTL.NS": {
    "symbol": "BHARTIARTL.NS",
    "name": "BHARTIARTL",
    "previous_close": 1937.9,
    "change": 1.8,
    "change_percent": 0.09,
    "volume": 3895540,
    "currency": "INR",
    "last_updated": "2025-07-25",
    "high": 1952.7,
    "low": 1925.0,
    "open": 1936.1
  },
  "ICICIBANK.NS": {
    "symbol": "ICICIBANK.NS",
    "name": "ICICIBANK",
    "previous_close": 1477.1,
    "change": -6.3,
    "change_percent": -0.42,
    "volume": 8693806,
    "currency": "INR",
    "last_updated": "2025-07-25",
    "high": 1500.0,
    "low": 1473.6,
    "open": 1500.0
  },
  "SBIN.NS": {
    "symbol": "SBIN.NS",
    "name": "SBIN",
    "previous_close": 806.55,
    "change": -9.15,
    "change_percent": -1.12,
    "volume": 6730021,
    "currency": "INR",
    "last_updated": "2025-07-25",
    "high": 819.2,
    "low": 805.5,
    "open": 815.0
  },
  "INFY.NS": {
    "symbol": "INFY.NS",
    "name": "INFY",
    "previous_close": 1515.7,
    "change": -36.8,
    "change_percent": -2.37,
    "volume": 10849331,
    "currency": "INR",
    "last_updated": "2025-07-25",
    "high": 1549.5,
    "low": 1511.3,
    "open": 1543.4
  },
  "LT.NS": {
    "symbol": "LT.NS",
    "name": "LT",
    "previous_close": 3442.9,
    "change": -34.6,
    "change_percent": -0.99,
    "volume": 1338516,
    "currency": "INR",
    "last_updated": "2025-07-25",
    "high": 3477.0,
    "low": 3437.4,
    "open": 3470.0
  },
  "ITC.NS": {
    "symbol": "ITC.NS",
    "name": "ITC",
    "previous_close": 409.4,
    "change": -0.55,
    "change_percent": -0.13,
    "volume": 5819887,
    "currency": "INR",
    "last_updated": "2025-07-25",
    "high": 410.25,
    "low": 407.75,
    "open": 410.0
  },
  "HCLTECH.NS": {
    "symbol": "HCLTECH.NS",
    "name": "HCLTECH",
    "previous_close": 1490.1,
    "change": -17.1,
    "change_percent": -1.13,
    "volume": 2733522,
    "currency": "INR",
    "last_updated": "2025-07-25",
    "high": 1512.2,
    "low": 1486.6,
    "open": 1501.1
  }
}